<?xml version="1.0" encoding="UTF-8" ?>
<extension type="library" version="3.1">
	<name>IDNA Convert</name>
	<libraryname>idna_convert</libraryname>
	<version>0.8.0</version>
	<description>LIB_IDNA_XML_DESCRIPTION</description>
	<creationDate>2004</creationDate>
	<copyright>2004-2011 phlyLabs Berlin, http://phlylabs.de</copyright>
	<license>http://www.gnu.org/licenses/lgpl-2.1.html GNU/LGPL</license>
	<author>phlyLabs</author>
	<authorEmail>phlymail@phlylabs.de</authorEmail>
	<authorUrl>http://phlylabs.de</authorUrl>
	<packager>Joomla!</packager>
	<packagerurl>https://www.joomla.org</packagerurl>
	<files folder="libraries">
		<folder>idna_convert</folder>
	</files>
</extension>
