<?xml version="1.0" encoding="utf-8"?>
<extension version="3.0" type="plugin" group="system" method="upgrade">
	<name>System - JChatSocial</name>
	<author>Joomla! Extensions Store</author>
	<creationDate>August 2016</creationDate>
	<copyright>Copyright (C) 2015 - Joomla! Extensions Store. All Rights Reserved.</copyright>
	<license>http://www.gnu.org/licenses/gpl-2.0.html GNU/GPL</license>
	<authorEmail>info@storejextensions.org</authorEmail>
	<authorUrl>http://storejextensions.org</authorUrl>
	<version>2.10</version>
	<description>JChatSocial Plugin</description>
	
	<files>
		<filename plugin="jchat">jchat.php</filename> 
		<filename>index.html</filename> 
	</files>
	<params> 
	</params>
</extension>
